time,latitude,longitude,depth,mag,magType,nst,gap,dmin,rms,net,id,updated,place,type,horizontalError,depthError,magError,magNst,status,locationSource,magSource
1932-05-14T13:11:04.000Z,0.493,125.805,15,7.7,mw,,,,,iscgem,iscgem906146,2020-07-10T11:18:01.095Z,"133 km SE of Tondano, Indonesia",earthquake,,,,,automatic,iscgem,iscgem
1932-05-26T16:09:48.000Z,-25.447,178.854,570,7.6,mw,,,,,iscgem,iscgem906166,2015-05-13T18:52:43.000Z,"south of the Fiji Islands",earthquake,,,,,automatic,iscgem,iscgem
1932-06-03T10:36:56.000Z,19.786,-103.784,15,8.1,mw,,,,,iscgem,iscgem906183,2020-07-10T11:18:34.849Z,"0 km NW of Jiquilpan, Mexico",earthquake,,,,,automatic,iscgem,iscgem
1932-06-18T10:12:11.000Z,19.419,-103.907,15,7.8,mw,,,,,iscgem,iscgem906234,2020-07-10T11:19:10.087Z,"10 km NW of Zacualpan, Mexico",earthquake,,,,,automatic,iscgem,iscgem
1932-06-22T12:59:31.000Z,19.373,-104.224,25,7.7,mw,,,,,iscgem,iscgem906247,2020-07-10T11:19:25.990Z,"8 km NE of Chacala, Mexico",earthquake,,,,,automatic,iscgem,iscgem
1932-12-25T02:04:30.000Z,39.496,96.616,15,7.9,mw,,,,,iscgem,iscgem906530,2020-07-10T11:23:35.078Z,"102 km WSW of Laojunmiao, China",earthquake,,,,,automatic,iscgem,iscgem
1933-03-02T17:31:00.000Z,39.209,144.59,15,8.4,mw,,,,,official,official19330302173100_30,2020-07-10T14:29:42.363Z,"1933 Sanriku (Sanriku-oki) Earthquake, Japan",earthquake,,,,,automatic,iscgem,official
1933-06-24T21:54:49.000Z,-5.226,104.596,20,7.6,mw,,,,,iscgem,iscgem905657,2020-07-10T11:12:51.079Z,"54 km SW of Kotabumi, Indonesia",earthquake,,,,,automatic,iscgem,iscgem
1933-08-28T22:19:48.000Z,-60.041,-26.838,35,7.5,mw,,,,,iscgem,iscgem905786,2015-05-13T18:52:43.000Z,"South Sandwich Islands region",earthquake,,,,,automatic,iscgem,iscgem
1933-11-20T23:21:35.000Z,73.122,-70.014,15,7.7,mw,,,,,iscgem,iscgem905919,2015-05-13T18:52:43.000Z,"299 km N of Clyde River, Canada",earthquake,,,,,automatic,iscgem,iscgem
1934-01-15T08:43:25.000Z,26.885,86.589,15,8,mw,,,,,iscgem,iscgem904745,2020-07-10T10:56:09.571Z,"15 km NW of Triyuga, Nepal",earthquake,,,,,automatic,iscgem,iscgem
1934-02-14T03:59:39.000Z,17.463,119.199,15,7.5,mw,,,,,iscgem,iscgem904793,2020-07-10T10:58:29.419Z,"123 km W of Cabittaogan, Philippines",earthquake,,,,,automatic,iscgem,iscgem
1934-02-24T06:23:48.000Z,23.064,143.971,35,7.5,mw,,,,,iscgem,iscgem904813,2015-05-13T18:52:43.000Z,"Volcano Islands, Japan region",earthquake,,,,,automatic,iscgem,iscgem
1934-07-18T01:36:31.000Z,7.903,-82.492,30,7.5,mw,,,,,iscgem,iscgem905037,2020-07-10T11:03:10.237Z,"43 km ESE of Punta de Burica, Panama",earthquake,,,,,automatic,iscgem,iscgem
1934-07-18T19:40:19.000Z,-11.936,166.977,10,7.7,mw,,,,,iscgem,iscgem905046,2020-07-10T11:04:24.371Z,"185 km SE of Lata, Solomon Islands",earthquake,,,,,automatic,iscgem,iscgem
1935-05-30T21:32:57.000Z,28.941,66.477,25,7.5,mw,,,,,iscgem,iscgem904311,2020-07-10T10:48:50.176Z,"14 km SW of Kalat, Pakistan",earthquake,,,,,automatic,iscgem,iscgem
1935-09-20T01:46:43.000Z,-3.824,141.416,30,7.8,mw,,,,,iscgem,iscgem904528,2020-07-10T10:51:31.302Z,"126 km S of Vanimo, Papua New Guinea",earthquake,,,,,automatic,iscgem,iscgem
1935-12-15T07:07:53.000Z,-10.345,161.443,35,7.6,mw,,,,,iscgem,iscgem904697,2020-07-10T10:55:00.739Z,"53 km WNW of Kirakira, Solomon Islands",earthquake,,,,,automatic,iscgem,iscgem
1935-12-28T02:35:31.000Z,-0.29,98.255,30,7.6,mw,,,,,iscgem,iscgem904721,2020-07-10T10:55:31.830Z,"210 km W of Pariaman, Indonesia",earthquake,,,,,automatic,iscgem,iscgem
1936-04-01T02:09:28.000Z,4.241,126.368,35,7.8,mw,,,,,iscgem,iscgem903538,2020-07-10T10:37:48.729Z,"163 km SE of Sarangani, Philippines",earthquake,,,,,automatic,iscgem,iscgem
1936-06-30T15:06:41.000Z,51.224,160.811,15,7.5,mw,,,,,iscgem,iscgem903716,2015-05-13T18:52:44.000Z,"250 km SE of Petropavlovsk-Kamchatsky, Russia",earthquake,,,,,automatic,iscgem,iscgem
1936-07-13T11:12:18.000Z,-24.72,-70.11,35,7.5,mw,,,,,iscgem,iscgem903742,2020-07-10T10:41:15.327Z,"85 km NNE of Taltal, Chile",earthquake,,,,,automatic,iscgem,iscgem
1937-01-07T13:20:42.000Z,35.434,97.759,15,7.8,mw,,,,,iscgem,iscgem902908,2020-07-10T10:26:06.972Z,"Southern Qinghai, China",earthquake,,,,,automatic,iscgem,iscgem
1937-08-20T11:59:21.000Z,14.575,121.68,15,7.5,mw,,,,,iscgem,iscgem903210,2020-07-10T10:31:06.151Z,"6 km E of Tignoan, Philippines",earthquake,,,,,automatic,iscgem,iscgem
1938-02-01T19:04:22.000Z,-5.045,131.614,25,8.5,mw,,,,,official,official19380201190422_30,2020-07-10T14:30:00.821Z,"141 km WNW of Tual, Indonesia",earthquake,,,,,automatic,iscgem,official
1938-05-12T15:39:06.000Z,-6.154,147.634,35,7.7,mw,,,,,iscgem,iscgem902481,2020-07-10T10:16:33.086Z,"50 km NNW of Finschhafen, Papua New Guinea",earthquake,,,,,automatic,iscgem,iscgem
1938-05-19T17:08:41.000Z,-0.557,118.881,35,7.7,mw,,,,,iscgem,iscgem902493,2020-07-10T10:16:50.422Z,"116 km WNW of Palu, Indonesia",earthquake,,,,,automatic,iscgem,iscgem
1938-05-23T07:18:30.000Z,36.517,141.491,15,7.7,mw,,,,,iscgem,iscgem902498,2020-07-10T10:17:08.105Z,"72 km ESE of Takahagi, Japan",earthquake,,,,,automatic,iscgem,iscgem
1938-06-10T09:53:43.000Z,25.143,125.273,20,7.7,mw,,,,,iscgem,iscgem902525,2020-07-10T10:18:14.053Z,"37 km N of Hirara, Japan",earthquake,,,,,automatic,iscgem,iscgem
1938-06-16T02:15:18.000Z,27.649,129.449,20,7.5,mw,,,,,iscgem,iscgem902539,2020-07-10T10:18:36.328Z,"79 km S of Naze, Japan",earthquake,,,,,automatic,iscgem,iscgem
1938-11-05T08:43:24.000Z,36.966,142.09,35,7.8,mw,,,,,iscgem,iscgem902740,2020-07-10T10:22:59.934Z,"107 km E of Iwaki, Japan",earthquake,,,,,automatic,iscgem,iscgem
1938-11-05T10:50:18.000Z,37.166,142.221,35,7.7,mw,,,,,iscgem,iscgem902741,2020-07-10T10:23:19.106Z,"113 km ESE of Namie, Japan",earthquake,,,,,automatic,iscgem,iscgem
1938-11-06T08:53:55.000Z,37.393,142.303,30,7.7,mw,,,,,iscgem,iscgem902745,2020-07-10T10:23:37.216Z,"115 km E of Namie, Japan",earthquake,,,,,automatic,iscgem,iscgem
1938-11-06T21:38:48.000Z,37.019,142.43,25,7.6,mw,,,,,iscgem,iscgem902752,2020-07-10T10:23:54.838Z,"136 km ESE of Namie, Japan",earthquake,,,,,automatic,iscgem,iscgem
1938-11-10T20:18:49.000Z,55.178,-158.181,35,8.23,mw,,,,,official,official19381110201849000_35,2020-07-10T14:30:28.907Z,"Alaska Peninsula",earthquake,,,,,reviewed,iscgem,official
1939-01-25T03:32:15.000Z,-36.305,-72.315,35,7.8,mw,,,,,iscgem,iscgem901785,2020-07-10T10:06:52.386Z,"20 km E of Quirihue, Chile",earthquake,,,,,automatic,iscgem,iscgem
1939-01-30T02:18:30.000Z,-7.042,155.468,35,7.8,mw,,,,,iscgem,iscgem901797,2020-07-10T10:07:08.428Z,"80 km S of Panguna, Papua New Guinea",earthquake,,,,,automatic,iscgem,iscgem
1939-03-21T01:11:15.000Z,-1.267,89.26,15,7.5,mw,,,,,iscgem,iscgem901866,2015-05-13T18:52:44.000Z,"South Indian Ocean",earthquake,,,,,automatic,iscgem,iscgem
1939-04-30T02:55:30.000Z,-9.873,159.812,15,7.8,mw,,,,,iscgem,iscgem901916,2020-07-10T10:09:39.139Z,"22 km SSE of Malango, Solomon Islands",earthquake,,,,,automatic,iscgem,iscgem
1939-12-21T21:00:31.000Z,-0.073,122.51,35,8.1,mw,,,,,iscgem,iscgem902275,2020-07-10T10:13:20.645Z,"91 km SW of Gorontalo, Indonesia",earthquake,,,,,automatic,iscgem,iscgem
1939-12-26T23:57:23.000Z,39.771,39.577,20,7.8,mw,,,,,iscgem,iscgem902291,2020-07-10T10:14:06.877Z,"8 km ENE of Erzincan, Turkey",earthquake,,,,,automatic,iscgem,iscgem
1940-01-17T01:14:56.000Z,17.121,148.044,15,7.5,mw,,,,,iscgem,iscgem901160,2015-05-13T18:52:44.000Z,"Mariana Islands region",earthquake,,,,,automatic,iscgem,iscgem
1940-05-24T16:33:59.000Z,-11.094,-77.487,45,8.2,mw,,,,,iscgem,iscgem901374,2020-07-10T10:03:22.047Z,"12 km ESE of Huaura, Peru",earthquake,,,,,automatic,iscgem,iscgem
1940-08-01T15:08:25.000Z,44.527,139.489,15,7.5,mw,,,,,iscgem,iscgem901515,2020-07-10T10:04:03.935Z,"152 km WSW of Rishiri Town, Japan",earthquake,,,,,automatic,iscgem,iscgem
1940-11-10T01:39:05.000Z,45.708,26.563,90,7.8,mw,,,,,iscgem,iscgem901696,2020-07-10T10:06:06.867Z,"10 km W of Nereju Mic, Romania",earthquake,,,,,automatic,iscgem,iscgem
1940-12-28T16:37:44.000Z,18.245,147.558,15,7.7,mw,,,,,iscgem,iscgem901750,2015-05-13T18:52:44.000Z,"Mariana Islands region",earthquake,,,,,automatic,iscgem,iscgem
1941-04-15T19:09:57.000Z,18.69,-102.994,30,7.6,mw,,,,,iscgem,iscgem900764,2020-07-10T09:56:40.205Z,"20 km ESE of Coalcomán de Vázquez Pallares, Mexico",earthquake,,,,,automatic,iscgem,iscgem
1941-06-26T11:52:03.000Z,12.017,92.575,20,7.6,mw,,,,,iscgem,iscgem900863,2020-07-10T09:58:20.842Z,"38 km NNW of Bamboo Flat, India",earthquake,,,,,automatic,iscgem,iscgem
1941-11-18T16:46:32.000Z,32.095,131.949,35,7.9,mw,,,,,iscgem,iscgem901083,2020-07-10T10:01:04.452Z,"42 km E of Takanabe, Japan",earthquake,,,,,automatic,iscgem,iscgem
1941-11-25T18:03:58.000Z,37.446,-18.953,10,8,mw,,,,,iscgemsup,iscgemsup901098,2015-07-13T17:02:22.000Z,"Azores-Cape St. Vincent Ridge",earthquake,,,,,automatic,iscgem,iscgem
1942-05-14T02:13:27.000Z,-0.025,-79.955,20,7.8,mw,,,,,iscgem,iscgem900274,2020-07-10T09:50:18.268Z,"15 km SE of Pedernales, Ecuador",earthquake,,,,,automatic,iscgem,iscgem
1942-08-06T23:37:02.000Z,13.862,-91.138,35,7.7,mw,,,,,iscgem,iscgem900408,2020-07-10T09:52:29.901Z,"25 km SSW of La Gomera, Guatemala",earthquake,,,,,automatic,iscgem,iscgem
1942-08-24T22:50:32.000Z,-14.819,-74.708,30,8.1,mw,,,,,iscgem,iscgem900444,2020-07-10T09:52:46.994Z,"10 km SSW of Tambo Quemado, Peru",earthquake,,,,,automatic,iscgem,iscgem
1942-11-10T11:41:28.000Z,-49.92,30.336,10,8,mw,,,,,iscgem,iscgem900536,2015-05-13T18:52:44.000Z,"south of Africa",earthquake,,,,,automatic,iscgem,iscgem
1943-04-06T16:07:17.000Z,-31.432,-71.475,35,8.1,mw,,,,,iscgem,iscgem899789,2020-07-10T09:42:59.558Z,"36 km NW of Illapel, Chile",earthquake,,,,,automatic,iscgem,iscgem
1943-05-25T23:07:40.000Z,7.4,127.178,15,7.8,mw,,,,,iscgem,iscgem899851,2020-07-10T09:44:01.023Z,"65 km E of Baculin, Philippines",earthquake,,,,,automatic,iscgem,iscgem
1943-06-09T03:06:20.000Z,-0.827,100.736,10,7.8,mw,,,,,iscgem,iscgem899872,2020-07-10T09:44:41.268Z,"9 km ESE of Solok, Indonesia",earthquake,,,,,automatic,iscgem,iscgem
1943-07-29T03:02:17.000Z,18.905,-67.131,15,7.7,mw,,,,,iscgem,iscgem899944,2020-07-10T09:45:57.744Z,"45 km N of San Antonio, Puerto Rico",earthquake,,,,,automatic,iscgem,iscgem
1943-11-03T14:32:21.000Z,61.776,-151.051,15,7.6,mw,,,,,iscgemsup,iscgemsup900071,2020-07-10T13:59:59.688Z,"30 km SE of Skwentna, Alaska",earthquake,,,,,automatic,iscgem,iscgem
1943-11-06T08:31:41.000Z,-5.602,134.015,15,7.7,mw,,,,,iscgem,iscgem900076,2020-07-10T09:47:23.079Z,"139 km E of Tual, Indonesia",earthquake,,,,,automatic,iscgem,iscgem
1943-11-26T22:20:48.000Z,40.916,33.562,20,7.5,mw,,,,,iscgem,iscgem900102,2020-07-10T09:47:51.544Z,"5 km W of Ilgaz, Turkey",earthquake,,,,,automatic,iscgem,iscgem
1944-02-01T03:22:41.000Z,40.696,32.992,30,7.6,mw,,,,,iscgem,iscgem899277,2020-07-10T09:35:07.506Z,"12 km NW of Orta, Turkey",earthquake,,,,,automatic,iscgem,iscgem
1944-04-27T14:38:12.000Z,-0.863,133.977,15,7.6,mw,,,,,iscgem,iscgem899365,2020-07-10T09:37:03.236Z,"9 km W of Manokwari, Indonesia",earthquake,,,,,automatic,iscgem,iscgem
1944-12-07T04:35:45.000Z,33.682,136.204,15,8.1,mw,,,,,iscgem,iscgem899647,2020-07-10T09:40:34.863Z,"21 km ESE of Shing?, Japan",earthquake,,,,,automatic,iscgem,iscgem
1945-09-01T22:44:11.000Z,-46.939,166.022,20,7.5,mw,,,,,iscgem,iscgem899073,2015-05-13T18:52:45.000Z,"166 km WSW of Riverton, New Zealand",earthquake,,,,,automatic,iscgem,iscgem
1945-11-27T21:56:54.000Z,24.927,63.601,15,8.1,mw,,,,,iscgem,iscgem899220,2020-07-10T09:33:28.417Z,"39 km SSE of Pasni, Pakistan",earthquake,,,,,automatic,iscgem,iscgem
1946-04-01T12:29:01.000Z,53.492,-162.832,15,8.6,mw,,,,,official,official19460401122901_30,2020-07-10T14:30:59.734Z,"1946 Aleutian Islands (Unimak Island) Earthquake, Alaska",earthquake,,,,,automatic,iscgem,official
1946-08-04T17:51:10.000Z,19.083,-69.248,15,7.5,mw,,,,,iscgem,iscgem898498,2021-02-09T20:51:19.319Z,"15 km E of Sabana de la Mar, Dominican Republic",earthquake,,,,,automatic,iscgem,iscgem
1946-09-12T15:17:23.000Z,24.054,95.666,15,8,mw,,,,,iscgem,iscgem898579,2020-07-10T09:27:06.887Z,"136 km ENE of Mawlaik, Myanmar",earthquake,,,,,automatic,iscgem,iscgem
1946-09-29T03:02:06.000Z,-5.158,153.379,50,7.8,mw,,,,,iscgem,iscgem898610,2020-07-10T09:27:27.620Z,"152 km SE of Kokopo, Papua New Guinea",earthquake,,,,,automatic,iscgem,iscgem
1946-11-02T18:28:35.000Z,41.757,71.854,25,7.5,mw,,,,,iscgemsup,iscgemsup898647,2020-07-10T13:58:33.467Z,"30 km NNE of Kerben, Kyrgyzstan",earthquake,,,,,automatic,iscgem,iscgem
1946-12-20T19:19:10.000Z,33.116,135.895,15,8.3,mw,,,,,iscgem,iscgem898698,2020-07-10T09:29:35.223Z,"1946 Nankai Earthquake, Japan",earthquake,,,,,automatic,iscgem,iscgem
1947-05-27T05:58:58.000Z,-1.86,134.986,15,7.6,mw,,,,,iscgem,iscgem897871,2020-07-10T09:18:34.258Z,"140 km SW of Insrom, Indonesia",earthquake,,,,,automatic,iscgem,iscgem
1947-11-01T14:58:57.000Z,-10.973,-74.725,20,7.6,mw,,,,,iscgem,iscgem898103,2020-07-10T09:21:54.973Z,"18 km ESE of Santa Rosa, Peru",earthquake,,,,,automatic,iscgem,iscgem
1948-01-24T17:46:44.000Z,10.8,122.295,15,7.8,mw,,,,,iscgem,iscgem897163,2020-07-10T09:09:14.842Z,"9 km NNE of Buga, Philippines",earthquake,,,,,automatic,iscgem,iscgem
1948-09-08T15:09:14.000Z,-21.246,-173.879,15,7.5,mw,,,,,iscgem,iscgem897539,2020-07-10T09:14:31.325Z,"111 km E of ‘Ohonua, Tonga",earthquake,,,,,automatic,iscgem,iscgem
1949-03-04T10:19:31.000Z,36.563,70.698,228.7,7.5,mw,,,,,iscgem,iscgem896379,2020-07-10T09:00:44.657Z,"35 km SSW of Jurm, Afghanistan",earthquake,,,,,automatic,iscgem,iscgem
1949-07-10T03:53:41.000Z,39.174,70.891,20,7.5,mw,,,,,iscgem,iscgem896645,2020-08-14T00:44:27.002Z,"47 km ENE of Rasht, Tajikistan",earthquake,,,,,automatic,iscgem,iscgem
1949-08-22T04:01:18.000Z,53.673,-133.015,10,8,mw,,,,,official,official19490822040118000_10,2020-07-10T09:05:49.654Z,"171 km S of Hydaburg, Alaska",earthquake,,,,,reviewed,iscgem,official
1949-12-17T06:53:32.000Z,-53.923,-69.596,10,7.7,mw,,,,,iscgem,iscgem897093,2020-07-10T09:07:06.098Z,"122 km SE of Punta Arenas, Chile",earthquake,,,,,automatic,iscgem,iscgem
1950-02-28T10:21:00.000Z,45.882,143.491,329,7.7,mw,,,,,iscgem,iscgem895264,2020-07-10T08:31:05.861Z,"Hokkaido, Japan region",earthquake,,,,,automatic,iscgem,iscgem
1950-08-15T14:09:34.000Z,28.363,96.445,15,8.6,mw,,,,,official,official19500815140934_30,2020-08-14T20:35:37.044Z,"1950 Assam-Tibet Earthquake",earthquake,,,,,automatic,iscgem,official
1950-10-05T16:09:42.000Z,10.481,-85.046,97.9,7.5,mw,,,,,iscgem,iscgem895887,2020-07-10T08:50:45.027Z,"7 km NE of Cañas, Costa Rica",earthquake,,,,,automatic,iscgem,iscgem
1950-11-02T15:28:15.000Z,-6.823,129.183,199.7,7.7,mw,,,,,iscgem,iscgem896018,2020-07-10T08:54:34.479Z,"Banda Sea",earthquake,,,,,automatic,iscgem,iscgem
1950-12-02T19:51:51.000Z,-18.373,167.654,30,7.9,mw,,,,,iscgem,iscgem896121,2020-07-10T08:57:48.733Z,"99 km SW of Port-Vila, Vanuatu",earthquake,,,,,automatic,iscgem,iscgem
1950-12-09T21:38:51.000Z,-23.977,-67.912,113.9,8.2,mw,,,,,iscgem,iscgem896170,2020-07-10T08:58:30.688Z,"121 km SSE of San Pedro de Atacama, Chile",earthquake,,,,,automatic,iscgem,iscgem
1950-12-14T01:52:54.000Z,-19.705,-175.874,215.9,7.8,mw,,,,,iscgem,iscgem896185,2015-05-13T18:52:46.000Z,"159 km W of Pangai, Tonga",earthquake,,,,,automatic,iscgem,iscgem
1951-10-21T21:34:21.000Z,23.487,121.4,25,7.5,mw,,,,,iscgem,iscgem894821,2020-07-10T08:15:18.420Z,"58 km SSW of Hualien City, Taiwan",earthquake,,,,,automatic,iscgem,iscgem
1951-11-18T09:35:54.000Z,31.056,91.261,30,7.7,mw,,,,,iscgem,iscgem894960,2020-07-10T08:23:51.633Z,"89 km WSW of Nagqu, China",earthquake,,,,,automatic,iscgem,iscgem
1951-11-24T18:50:24.000Z,23.092,121.214,30,7.8,mw,,,,,iscgem,iscgem894988,2020-07-10T08:24:35.438Z,"77 km E of Yujing, Taiwan",earthquake,,,,,automatic,iscgem,iscgem
1951-12-08T04:14:16.000Z,-34.229,57.47,15,7.5,mw,,,,,iscgem,iscgem895020,2015-05-13T18:52:47.000Z,"South Indian Ocean",earthquake,,,,,automatic,iscgem,iscgem
1952-03-04T01:22:49.000Z,42.084,143.899,45,8.1,mw,,,,,iscgem,iscgem892540,2020-07-10T07:31:37.481Z,"106 km SSW of Kushiro, Japan",earthquake,,,,,automatic,iscgem,iscgem
1952-07-21T11:52:15.460Z,34.9581667,-118.998,6,7.5,mw,8,146,,0.39,ci,ci3319401,2021-06-24T18:06:18.326Z,"6km WNW of Grapevine, CA",earthquake,1.42,31.61,,0,reviewed,ci,ci
1952-11-04T16:58:30.000Z,52.623,159.779,21.6,9,mw,,,,,official,official19521104165830_30,2020-07-10T14:31:49.751Z,"89 km ESE of Petropavlovsk-Kamchatsky, Russia",earthquake,,,,,automatic,iscgem,official
1953-05-06T17:16:48.000Z,-37.093,-72.866,66,7.5,mw,,,,,iscgem,iscgem891664,2020-07-10T07:09:35.664Z,"23 km SE of Chiguayante, Chile",earthquake,,,,,automatic,iscgem,iscgem
1953-11-25T17:48:55.000Z,34.006,141.625,25,7.9,mw,,,,,iscgem,iscgem892187,2020-07-10T07:25:11.630Z,"174 km SE of Katsuura, Japan",earthquake,,,,,automatic,iscgem,iscgem
1954-03-29T06:17:07.000Z,36.988,-3.612,626.2,7.8,mw,,,,,iscgem,iscgem890481,2020-07-10T06:45:55.528Z,"4 km W of Dúrcal, Spain",earthquake,,,,,automatic,iscgem,iscgem
1955-02-27T20:43:27.000Z,-28.336,-175.599,15,7.5,mw,,,,,iscgem,iscgem889257,2015-05-13T18:52:49.000Z,"Kermadec Islands region",earthquake,,,,,automatic,iscgem,iscgem
1956-05-23T20:48:32.000Z,-15.434,-178.803,419.1,7.6,mw,,,,,iscgem,iscgem888284,2020-07-10T05:59:58.429Z,"144 km SSW of Leava, Wallis and Futuna",earthquake,,,,,automatic,iscgem,iscgem
1956-07-09T03:11:45.000Z,36.664,25.957,20,7.7,mw,,,,,iscgem,iscgem888445,2020-07-10T06:03:20.130Z,"19 km SSE of Amorgós, Greece",earthquake,,,,,automatic,iscgem,iscgem
1956-09-29T23:20:55.000Z,35.677,140.259,66.1,7.5,mw,,,,,iscgem,iscgem888741,2020-07-10T06:09:14.245Z,"4 km S of Shisui, Japan",earthquake,,,,,automatic,iscgem,iscgem
1957-03-09T14:22:33.000Z,51.499,-175.626,25,8.6,mw,,,,,official,official19570309142233_30,2020-07-10T14:32:16.970Z,"81 km ESE of Adak, Alaska",earthquake,,,,,automatic,iscgem,official
1957-07-28T08:40:12.000Z,17.055,-99.092,37.8,7.6,mw,,,,,iscgem,iscgem886928,2020-07-10T05:36:00.881Z,"8 km ENE of Apantla, Mexico",earthquake,,,,,automatic,iscgem,iscgem
1957-10-27T22:32:42.000Z,55.75,161.134,147.8,7.6,mw,,,,,iscgem,iscgem887437,2020-07-10T05:44:47.604Z,"66 km SSE of Klyuchi, Russia",earthquake,,,,,automatic,iscgem,iscgem
1957-11-29T22:19:50.000Z,-20.948,-66.713,232.5,7.7,mw,,,,,iscgem,iscgem887612,2020-07-10T05:48:38.155Z,"51 km W of Atocha, Bolivia",earthquake,,,,,automatic,iscgem,iscgem
1957-12-04T03:37:53.000Z,45.189,99.368,30,8.1,mw,,,,,iscgem,iscgem887636,2020-07-10T05:49:00.390Z,"153 km SW of Bayanhongor, Mongolia",earthquake,,,,,automatic,iscgem,iscgem
1957-12-17T13:50:22.000Z,-12.418,166.684,123.6,7.8,mw,,,,,iscgem,iscgem887702,2020-07-10T05:50:54.964Z,"186 km NNW of Sola, Vanuatu",earthquake,,,,,automatic,iscgem,iscgem
1958-01-19T14:07:28.000Z,1.011,-79.489,27.5,7.6,mw,,,,,iscgem,iscgem883713,2020-07-10T04:55:11.157Z,"19 km ENE of Esmeraldas, Ecuador",earthquake,,,,,automatic,iscgem,iscgem
1958-07-10T06:15:54.400Z,58.34,-136.52,,8.27,mw,,,,,ushis,ushis2319,2020-07-10T05:09:27.860Z,"19 km NNW of Elfin Cove, Alaska",earthquake,,,,,reviewed,ushis,kan
1958-07-26T17:37:14.000Z,-13.428,-69.388,612.4,7.5,mw,,,,,iscgem,iscgem884809,2020-07-10T05:10:40.345Z,"83 km S of Tambopata, Peru",earthquake,,,,,automatic,iscgem,iscgem
1958-11-06T22:58:09.000Z,44.479,148.485,35,8.3,mw,,,,,official,official19581106225809_30,2020-07-10T14:32:40.049Z,"95 km SSE of Kuril’sk, Russia",earthquake,,,,,automatic,iscgem,official
1959-05-04T07:15:47.000Z,53.257,159.732,55,7.9,mw,,,,,iscgem,iscgem881925,2020-07-10T04:34:40.313Z,"76 km ENE of Petropavlovsk-Kamchatsky, Russia",earthquake,,,,,automatic,iscgem,iscgem
1960-03-20T17:07:31.000Z,39.869,143.228,15,8,mw,,,,,iscgem,iscgem878564,2020-07-10T04:03:43.034Z,"113 km ENE of Miyako, Japan",earthquake,,,,,automatic,iscgem,iscgem
1960-05-21T10:02:57.000Z,-37.824,-73.353,25,8.1,mw,,,,,iscgem,iscgem879106,2020-07-10T04:06:44.468Z,"4 km ESE of Cañete, Chile",earthquake,,,,,automatic,iscgem,iscgem
1960-05-22T18:56:02.000Z,-38.061,-73.039,25,7.8,mw,,,,,official,official19600522185602_30,2020-07-10T14:33:06.632Z,"38 km WNW of Traiguén, Chile",earthquake,,,,,automatic,iscgem,official
1960-05-22T19:11:20.000Z,-38.143,-73.407,25,9.5,mw,,,,,official,official19600522191120_30,2020-09-25T18:00:15.563Z,"1960 Great Chilean Earthquake (Valdivia Earthquake)",earthquake,,,,,automatic,iscgem,official
1960-06-06T05:55:48.000Z,-45.785,-72.889,15,7.8,mw,,,,,iscgem,iscgem879416,2020-07-10T04:11:44.680Z,"35 km S of Puerto Chacabuco, Chile",earthquake,,,,,automatic,iscgem,iscgem
1960-11-20T22:01:57.000Z,-6.775,-80.918,15,7.6,mw,,,,,iscgem,iscgem880820,2020-07-10T04:23:52.375Z,"103 km WSW of Mórrope, Peru",earthquake,,,,,automatic,iscgem,iscgem
1961-02-26T18:10:52.000Z,31.739,131.475,35,7.5,mw,,,,,iscgem,iscgem876175,2020-07-10T03:46:55.990Z,"18 km NNE of Nichinan, Japan",earthquake,,,,,automatic,iscgem,iscgem
1961-08-19T05:09:51.000Z,-10.75,-70.775,612.2,7.6,mw,,,,,iscgem,iscgem877215,2015-05-13T18:52:55.000Z,"132 km W of Iñapari, Peru",earthquake,,,,,automatic,iscgem,iscgem
1962-05-21T21:15:37.000Z,-20.088,-177.459,390,7.5,mw,,,,,iscgem,iscgem874777,2015-05-13T18:52:56.000Z,"262 km WNW of Haveluloto, Tonga",earthquake,,,,,automatic,iscgem,iscgem
1963-02-26T20:14:10.000Z,-7.523,146.308,186.6,7.5,mw,,,,,iscgem,iscgem871885,2020-07-10T03:10:56.428Z,"49 km WSW of Wau, Papua New Guinea",earthquake,,,,,automatic,iscgem,iscgem
1963-08-15T17:25:09.000Z,-13.866,-69.414,550,7.7,mw,,,,,iscgem,iscgem17294122,2020-07-09T22:23:24.802Z,"50 km N of Sandia, Peru",earthquake,,,,,automatic,iscgem,iscgem
1963-10-13T05:17:59.000Z,44.872,149.483,35,8.5,mw,,,,,official,official19631013051759_30,2020-07-10T14:33:29.712Z,"132 km ESE of Kuril’sk, Russia",earthquake,,,,,reviewed,iscgem,official
1963-10-20T00:53:12.000Z,44.726,150.547,28.2,7.8,mw,,,,,iscgem,iscgem873349,2020-07-10T03:25:26.380Z,"217 km ESE of Kuril’sk, Russia",earthquake,,,,,automatic,iscgem,iscgem
1963-11-04T01:17:09.000Z,-6.843,129.684,65,8.1,mw,,,,,iscgem,iscgem17294492,2020-07-09T22:24:51.183Z,"Banda Sea",earthquake,,,,,automatic,iscgem,iscgem
1963-11-09T21:15:32.000Z,-9.127,-71.483,590.7,7.6,mw,,,,,iscgem,iscgem17294529,2015-05-13T18:52:57.000Z,"132 km SW of Tarauacá, Brazil",earthquake,,,,,automatic,iscgem,iscgem
1963-12-18T00:30:05.000Z,-24.749,-176.844,55,7.6,mw,,,,,iscgem,iscgem17294673,2020-07-09T22:25:24.027Z,"south of the Fiji Islands",earthquake,,,,,automatic,iscgem,iscgem
1964-03-28T03:36:16.000Z,60.908,-147.339,25,9.2,mw,,,,,official,official19640328033616_30,2020-09-25T18:06:23.225Z,"1964 Prince William Sound Earthquake, Alaska",earthquake,,,,,automatic,iscgem,official
1964-05-26T10:59:16.000Z,-56.323,-27.655,125,7.8,mw,,,,,iscgem,iscgem868048,2015-05-13T18:52:58.000Z,"South Sandwich Islands region",earthquake,,,,,automatic,iscgem,iscgem
1964-06-16T04:01:43.000Z,38.399,139.29,15,7.6,mw,,,,,iscgem,iscgem866844,2020-08-14T02:26:09.272Z,"24 km NW of Murakami, Japan",earthquake,,,,,automatic,iscgem,iscgem
1964-07-09T16:39:51.000Z,-15.534,167.666,130,7.6,mw,,,,,iscgemsup,iscgemsup865885,2020-07-10T13:48:38.335Z,"54 km E of Luganville, Vanuatu",earthquake,,,,,automatic,iscgem,iscgem
1964-09-12T22:07:03.000Z,-48.969,164.285,20,7.6,mw,,,,,iscgem,iscgem864342,2015-05-13T18:52:58.000Z,"off the west coast of the South Island of New Zealand",earthquake,,,,,automatic,iscgem,iscgem
1965-01-24T00:11:17.000Z,-2.608,125.952,20,8.2,mw,,,,,iscgem,iscgem861299,2020-07-10T02:40:51.547Z,"275 km WNW of Ambon, Indonesia",earthquake,,,,,automatic,iscgem,iscgem
1965-02-04T05:01:22.000Z,51.251,178.715,30.3,8.7,mw,,,,,official,official19650204050122_30,2020-07-10T14:33:58.700Z,"Rat Islands, Aleutian Islands, Alaska",earthquake,,,,,automatic,iscgem,official
1965-03-30T02:27:04.600Z,50.32,177.93,20,7.65,mw,,,,,ushis,ushis2799,2020-07-10T19:22:27.511Z,"Rat Islands, Aleutian Islands, Alaska",earthquake,,,,,reviewed,ushis,ka
1965-05-20T00:40:27.000Z,-14.921,167.34,120,7.7,mw,,,,,iscgem,iscgem857011,2020-07-10T02:33:02.206Z,"31 km ENE of Port-Olry, Vanuatu",earthquake,,,,,automatic,iscgem,iscgem
1965-07-02T20:58:40.000Z,52.99,-167.739,45,7.8,mw,,,,,iscgem,iscgem855112,2020-07-10T02:25:22.623Z,"75 km E of Nikolski, Alaska",earthquake,,,,,automatic,iscgem,iscgem
1965-08-11T22:31:51.000Z,-15.861,167.092,30,7.6,mw,,,,,iscgem,iscgem854473,2020-07-10T02:20:12.638Z,"38 km SSW of Luganville, Vanuatu",earthquake,,,,,automatic,iscgem,iscgem
1966-03-12T16:31:20.000Z,24.122,122.583,30,7.5,mw,,,,,iscgem,iscgem849160,2020-07-10T02:04:05.321Z,"57 km SW of Yonakuni, Japan",earthquake,,,,,automatic,iscgem,iscgem
1966-09-08T21:15:56.000Z,2.388,128.49,115,7.7,mw,,,,,iscgemsup,iscgemsup843229,2020-07-10T13:46:01.950Z,"90 km NE of Tobelo, Indonesia",earthquake,,,,,automatic,iscgem,iscgem
1966-10-17T21:42:00.000Z,-10.665,-78.228,40,8.1,mw,,,,,iscgem,iscgem842581,2020-08-14T03:14:24.909Z,"43 km W of Paramonga, Peru",earthquake,,,,,automatic,iscgem,iscgem
1966-12-28T08:18:07.000Z,-25.494,-70.55,25,7.7,mw,,,,,iscgem,iscgem841046,2020-07-10T01:47:47.989Z,"11 km SW of Taltal, Chile",earthquake,,,,,automatic,iscgem,iscgem
1966-12-31T18:23:09.000Z,-12.091,166.552,55,7.8,mw,,,,,iscgem,iscgem841173,2020-07-10T01:48:08.921Z,"172 km SSE of Lata, Solomon Islands",earthquake,,,,,automatic,iscgem,iscgem
1968-04-01T00:42:07.000Z,32.449,132.269,34.2,7.5,mw,,,,,iscgem,iscgem823387,2020-07-10T01:18:08.413Z,"58 km ESE of Nobeoka, Japan",earthquake,,,,,automatic,iscgem,iscgem
1968-05-16T00:49:02.000Z,40.86,143.435,29.9,8.2,mw,,,,,iscgem,iscgem821946,2020-07-10T01:16:01.220Z,"168 km ENE of Hachinohe, Japan",earthquake,,,,,automatic,iscgem,iscgem
1968-05-16T10:39:02.000Z,41.43,142.864,25,7.9,mw,,,,,iscgem,iscgem822083,2020-07-10T01:16:40.146Z,"108 km SSE of Shizunai-furukawach?, Japan",earthquake,,,,,automatic,iscgem,iscgem
1968-05-28T13:27:19.000Z,-2.85,139.353,45,7.5,mw,,,,,iscgem,iscgem823104,2020-07-10T01:17:48.693Z,"145 km W of Abepura, Indonesia",earthquake,,,,,automatic,iscgem,iscgem
1968-08-01T20:19:22.000Z,16.316,122.067,25,7.6,mw,,,,,iscgem,iscgem817557,2020-07-10T01:06:06.628Z,"32 km SE of Minuri, Philippines",earthquake,,,,,automatic,iscgem,iscgem
1968-08-10T02:07:06.000Z,1.514,126.234,23,7.6,mw,,,,,iscgem,iscgem817844,2020-07-10T01:08:10.671Z,"140 km E of Laikit, Laikit II (Dimembe), Indonesia",earthquake,,,,,automatic,iscgem,iscgem
1969-01-30T10:29:41.000Z,4.569,127.306,60,7.6,mw,,,,,iscgem,iscgem813688,2020-07-10T00:56:27.711Z,"224 km ESE of Sarangani, Philippines",earthquake,,,,,automatic,iscgem,iscgem
1969-02-28T02:40:32.000Z,36.033,-10.613,10,7.8,mw,,,,,iscgem,iscgem812637,2020-08-25T22:25:46.618Z,"184 km SW of Sagres, Portugal",earthquake,,,,,automatic,iscgem,iscgem
1969-08-11T21:27:35.000Z,43.424,147.859,30,8.2,mw,,,,,iscgem,iscgem805430,2020-07-10T00:37:55.780Z,"100 km ESE of Shikotan, Russia",earthquake,,,,,automatic,iscgem,iscgem
1969-11-21T02:05:38.000Z,2.005,94.489,25,7.6,mw,,,,,iscgem,iscgem802491,2020-07-10T00:30:20.034Z,"216 km WSW of Sinabang, Indonesia",earthquake,,,,,automatic,iscgem,iscgem
1970-05-31T20:23:29.000Z,-9.183,-78.737,45,7.9,mw,,,,,iscgem,iscgem796163,2020-08-14T03:45:00.246Z,"20 km WSW of Chimbote, Peru",earthquake,,,,,automatic,iscgem,iscgem
1970-07-31T17:08:05.000Z,-1.597,-72.532,644.8,8,mw,,,,,iscgem,iscgem794176,2020-08-25T22:25:04.650Z,"95 km N of San Antonio del Estrecho, Peru",earthquake,,,,,automatic,iscgem,iscgem
1971-01-10T07:17:05.000Z,-3.184,139.722,30,7.7,mw,,,,,iscgem,iscgem788036,2020-07-09T23:46:34.398Z,"120 km WSW of Abepura, Indonesia",earthquake,,,,,automatic,iscgem,iscgem
1971-07-09T03:03:20.000Z,-32.601,-71.076,60.3,7.8,mw,,,,,iscgem,iscgem782010,2020-07-07T22:19:30.651Z,"21 km SE of La Ligua, Chile",earthquake,,,,,automatic,iscgem,iscgem
1971-07-14T06:11:30.000Z,-5.524,153.85,40,8,mw,,,,,iscgem,iscgem782181,2020-07-09T23:22:01.238Z,"201 km WNW of Panguna, Papua New Guinea",earthquake,,,,,automatic,iscgem,iscgem
1971-07-26T01:23:22.000Z,-4.817,153.172,40,8.1,mw,,,,,iscgem,iscgem782684,2020-07-09T23:24:50.787Z,"113 km ESE of Kokopo, Papua New Guinea",earthquake,,,,,automatic,iscgem,iscgem
1971-12-15T08:29:57.000Z,55.959,163.269,27.5,7.6,mw,,,,,iscgem,iscgem777750,2020-07-09T23:07:15.224Z,"57 km ESE of Ust’-Kamchatsk Staryy, Russia",earthquake,,,,,automatic,iscgem,iscgem
1972-04-25T19:30:07.000Z,13.402,120.275,25,7.5,mw,,,,,iscgem,iscgem774772,2020-07-09T22:56:39.187Z,"Mindoro, Philippines",earthquake,,,,,automatic,iscgem,iscgem
1972-06-11T16:41:04.000Z,3.752,124.221,330.8,7.7,mw,,,,,iscgem,iscgem772416,2020-07-09T22:49:00.121Z,"Celebes Sea",earthquake,,,,,automatic,iscgem,iscgem
1972-07-30T21:45:14.100Z,56.82,-135.685,25,7.61,mw,,,,,ushis,ushis3196,2020-07-09T22:48:03.548Z,"33 km SW of Sitka, Alaska",earthquake,,,,,reviewed,ushis,sr
1972-08-17T23:44:09.000Z,-6.05,152.932,20,7.5,mw,,,,,iscgem,iscgem770672,2020-07-09T22:43:41.615Z,"202 km SSE of Kokopo, Papua New Guinea",earthquake,,,,,automatic,iscgem,iscgem
1972-12-02T00:19:52.000Z,6.405,126.64,60,8,mw,,,,,iscgem,iscgem765501,2020-07-09T22:26:53.091Z,"51 km E of Pondaguitan, Philippines",earthquake,,,,,automatic,iscgem,iscgem
1973-01-30T21:01:12.500Z,18.481,-102.996,43,7.5,ms,,,,,us,usp00000bf,2020-07-07T23:02:48.214Z,"35 km SW of Aguililla, Mexico",earthquake,,,,,reviewed,us,us
1973-06-17T03:55:02.900Z,43.233,145.785,48,7.7,ms,,,,,us,usp0000270,2020-07-07T23:03:38.824Z,"19 km ESE of Nemuro, Japan",earthquake,,,,,reviewed,us,us
1973-12-28T13:41:45.800Z,-14.464,166.601,26,7.5,ms,,,,,us,usp00004p9,2020-07-10T19:59:32.634Z,"81 km NW of Port-Olry, Vanuatu",earthquake,,,,,reviewed,us,us
1974-10-03T14:21:29.100Z,-12.265,-77.795,13,7.6,ms,,,,,us,usp0000888,2020-07-07T23:06:18.663Z,"77 km WSW of Callao, Peru",earthquake,,,,,reviewed,us,us
1974-10-08T09:50:58.100Z,17.3,-62,47,7.5,ms,,,,,us,usp00008aq,2020-08-25T23:57:37.306Z,"25 km NW of Saint John’s, Antigua and Barbuda",earthquake,,,,,reviewed,us,us
1975-02-02T08:43:39.100Z,53.113,173.497,10,7.6,ms,,,,,us,usp00009ry,2020-08-26T00:08:31.255Z,"36 km NE of Attu Station, Alaska",earthquake,,,,,reviewed,us,us
1975-05-10T14:27:38.700Z,-38.183,-73.232,6,7.7,ms,,,,,us,usp0000az9,2020-08-26T00:18:00.004Z,"44 km SSE of Cañete, Chile",earthquake,,,,,reviewed,us,us
1975-05-26T09:11:51.500Z,35.997,-17.649,33,7.9,ms,,,,,us,usp0000b6e,2020-08-26T00:19:12.324Z,"Azores-Cape St. Vincent Ridge",earthquake,,,,,reviewed,us,us
1975-07-20T14:37:39.900Z,-6.59,155.054,49,7.9,ms,,,,,us,usp0000c24,2020-08-26T00:25:27.249Z,"56 km WSW of Panguna, Papua New Guinea",earthquake,,,,,reviewed,us,us
1975-07-20T19:54:27.700Z,-7.104,155.152,44,7.7,ms,,,,,us,usp0000c2s,2020-08-26T00:25:49.740Z,"94 km SSW of Panguna, Papua New Guinea",earthquake,,,,,reviewed,us,us
1975-10-11T14:35:15.000Z,-24.894,-175.119,9,7.8,ms,,,,,us,usp0000d42,2015-05-13T18:53:11.000Z,"south of Tonga",earthquake,,,,,reviewed,us,us
1975-11-29T14:47:40.100Z,19.333,-155.0015,8.636,7.7,mw,31,205,,0.09,hv,hv19755025,2020-07-07T22:40:37.611Z,"17 km SSW of Leilani Estates, Hawaii",earthquake,1.03,0.51,,0,reviewed,hv,hv
1975-12-26T15:56:38.700Z,-16.264,-172.467,33,7.8,ms,,,,,us,usp0000e2t,2020-08-26T00:43:50.421Z,"146 km ESE of Hihifo, Tonga",earthquake,,,,,reviewed,us,us
1976-01-14T16:47:33.500Z,-28.427,-177.657,33,8,ms,,,,,us,usp0000ee7,2020-08-26T00:46:09.659Z,"Kermadec Islands region",earthquake,,,,,reviewed,us,us
1976-02-04T09:01:43.400Z,15.324,-89.101,5,7.5,mw,,,,,us,usp0000ex3,2020-08-14T04:34:06.730Z,"7 km N of Los Amates, Guatemala",earthquake,,,,,reviewed,us,01000
1976-07-27T19:42:54.600Z,39.57,117.978,23,7.5,mw,,,,,us,usp0000hjg,2020-07-07T23:12:57.496Z,"17 km NE of Penguanzhuang, China",earthquake,,,,,reviewed,us,01000
1976-08-16T16:11:07.300Z,6.262,124.023,33,7.9,ms,,,,,us,usp0000hvb,2020-07-07T23:13:31.693Z,"19 km WNW of Palimbang, Philippines",earthquake,,,,,reviewed,us,us
1977-03-04T19:21:54.100Z,45.772,26.761,94,7.5,mwc,,,,,us,usp0000mtc,2020-07-07T23:16:01.222Z,"2 km N of Spulber, Romania",earthquake,,,,,reviewed,us,gcmt
1977-04-02T07:15:22.700Z,-16.696,-172.095,33,7.6,ms,,,,,us,usp0000n82,2020-07-10T22:06:15.679Z,"199 km ESE of Hihifo, Tonga",earthquake,,,,,reviewed,us,us
1977-04-20T23:42:50.500Z,-9.89,160.348,19,7.5,ms,,,,,us,usp0000ngg,2020-08-26T01:26:25.294Z,"66 km SE of Honiara, Solomon Islands",earthquake,,,,,reviewed,us,us
1977-04-20T23:49:13.100Z,-9.844,160.822,33,7.5,ms,,,,,us,usp0000ngh,2020-07-10T22:08:46.830Z,"105 km ESE of Honiara, Solomon Islands",earthquake,,,,,reviewed,us,us
1977-04-21T04:24:09.600Z,-9.965,160.731,33,7.5,ms,,,,,us,usp0000nh4,2021-01-04T23:56:54.317Z,"103 km SE of Honiara, Solomon Islands",earthquake,,,,,reviewed,us,us
1977-08-19T06:08:55.000Z,-11.164,118.378,25,8.3,mw,,,,,iscgem,iscgem694739,2020-07-09T22:26:25.291Z,"265 km SW of Waingapu, Indonesia",earthquake,,,,,automatic,iscgem,iscgem
1978-03-23T03:15:20.300Z,44.932,148.439,33,7.5,ms,,,,,us,usp0000tjh,2020-08-26T19:41:05.910Z,"55 km SE of Kuril’sk, Russia",earthquake,,,,,reviewed,us,us
1978-03-24T19:47:50.700Z,44.244,148.862,33,7.6,ms,,,,,us,usp0000tmy,2020-08-26T19:41:24.435Z,"134 km SE of Kuril’sk, Russia",earthquake,,,,,reviewed,us,us
1978-06-12T08:14:26.400Z,38.19,142.028,44,7.7,ms,,,,,us,usp0000v0f,2020-08-14T04:57:20.295Z,"68 km ESE of Ishinomaki, Japan",earthquake,,,,,reviewed,us,us
1978-11-29T19:52:47.600Z,16.01,-96.591,18,7.7,ms,,,,,us,usp0000xp7,2020-07-07T23:21:02.912Z,"2 km ESE of San Agustín Loxicha, Mexico",earthquake,,,,,reviewed,us,us
1979-03-14T11:07:16.300Z,17.813,-101.276,49,7.6,ms,,,,,us,usp0000zbw,2020-07-07T23:22:40.407Z,"12 km SSE of Vallecitos de Zaragoza, Mexico",earthquake,,,,,reviewed,us,us
1979-09-12T05:17:51.400Z,-1.679,136.04,5,7.9,ms,,,,,us,usp00012wp,2020-08-26T20:35:26.946Z,"55 km S of Biak, Indonesia",earthquake,,,,,reviewed,us,us
1979-12-12T07:59:03.300Z,1.598,-79.358,24,7.7,ms,,,,,us,usp00014ey,2020-07-07T23:26:21.072Z,"57 km NW of Valdez, Ecuador",earthquake,,,,,reviewed,us,us
1980-07-08T23:19:19.800Z,-12.41,166.381,33,7.5,ms,,,,,us,usp00018r3,2020-08-26T21:07:35.058Z,"196 km SSE of Lata, Solomon Islands",earthquake,,,,,reviewed,us,us
1980-07-17T19:42:23.200Z,-12.525,165.916,33,7.9,ms,,,,,us,usp00018y0,2020-08-26T21:08:34.902Z,"199 km S of Lata, Solomon Islands",earthquake,,,,,reviewed,us,us
1981-05-25T05:25:14.460Z,-48.786,164.357,33,7.6,ms,,,,1.2,us,usp0001dv1,2020-08-26T21:34:32.556Z,"off the west coast of the South Island of New Zealand",earthquake,,,,10,reviewed,us,us
1981-09-01T09:29:31.540Z,-14.96,-173.085,25,7.7,ms,,,,1.2,us,usp0001fkx,2020-08-26T21:39:45.405Z,"133 km NE of Hihifo, Tonga",earthquake,,,,13,reviewed,us,us
1983-03-18T09:05:50.000Z,-4.883,153.581,88.8,7.6,ms,,,,1.3,us,usp0001tr1,2020-08-26T22:33:04.305Z,"157 km ESE of Kokopo, Papua New Guinea",earthquake,,3,,9,reviewed,us,us
1984-02-07T21:33:21.490Z,-10.012,160.469,18.1,7.6,mw,,,,1.4,us,usp00021u7,2020-08-26T23:14:07.986Z,"85 km SE of Honiara, Solomon Islands",earthquake,,,,,reviewed,us,hrv
1984-11-20T08:15:16.230Z,5.167,125.124,202.2,7.5,mw,,,,1.3,us,usp000297p,2020-08-26T23:48:54.861Z,"45 km SW of Sarangani, Philippines",earthquake,,2.6,,,reviewed,us,hrv
1985-03-03T22:47:07.280Z,-33.135,-71.871,33,8,mw,,,,1,us,usp0002ccz,2020-08-14T05:49:58.872Z,"25 km WSW of Valparaíso, Chile",earthquake,,,,,reviewed,us,hrv
1985-09-19T13:17:47.350Z,18.19,-102.533,27.9,8,mw,,,,1.3,us,usp0002jwe,2020-07-07T23:43:49.053Z,"26 km NW of El Habillal, Mexico",earthquake,,3.8,,,reviewed,us,hrv
1985-09-21T01:37:13.470Z,17.802,-101.647,30.8,7.6,mw,,,,1.2,us,usp0002jyp,2020-07-07T23:44:13.601Z,"7 km N of Pantla, Mexico",earthquake,,4.9,,,reviewed,us,hrv
1986-05-07T22:47:10.870Z,51.52,-174.776,33,8,mw,,,,1.1,us,usp0002tmu,2020-08-28T20:22:55.286Z,"85 km SSW of Atka, Alaska",earthquake,,,,,reviewed,us,hrv
1986-08-14T19:39:13.670Z,1.795,126.519,33,7.5,mw,,,,1.4,us,usp0002x57,2020-08-28T20:35:36.836Z,"146 km NW of Ternate, Indonesia",earthquake,,,,,reviewed,us,hrv
1986-10-20T06:46:09.980Z,-28.117,-176.367,29.1,7.7,mw,,,,1.2,us,usp0002z3j,2020-08-28T20:44:01.587Z,"Kermadec Islands region",earthquake,,,,,reviewed,us,hrv
1987-03-05T09:17:05.280Z,-24.388,-70.161,62.3,7.6,mw,,,,1.2,us,usp0003304,2020-08-28T21:03:29.416Z,"84 km SSE of Antofagasta, Chile",earthquake,,,,,reviewed,us,hrv
1987-11-30T19:23:19.590Z,58.679,-142.786,10,7.9,mw,,,,,us,usp0003aq8,2021-02-18T19:03:20.489Z,"200 km WSW of Yakutat, Alaska",earthquake,,,,,reviewed,spe,hrv
1988-03-06T22:35:38.140Z,56.953,-143.032,10,7.8,mw,,,,,us,usp0003dnb,2020-09-14T17:42:57.761Z,"Gulf of Alaska",earthquake,,,,,reviewed,ags,hrv
1988-08-10T04:38:26.170Z,-10.366,160.819,34,7.6,mw,,,,1.5,us,usp0003jtm,2020-08-28T22:12:23.279Z,"121 km W of Kirakira, Solomon Islands",earthquake,,,,,reviewed,us,hrv
1988-11-06T13:03:19.340Z,22.789,99.611,17.8,7.7,mw,,,,1.6,us,usp0003nks,2020-07-07T23:52:37.745Z,"145 km NW of Jinghong, China",earthquake,,,,,reviewed,us,nc
1989-05-23T10:54:46.320Z,-52.341,160.568,10,8.02,mwc,,,,,official,official19890523105446320_10,2020-07-10T14:34:15.537Z,"Macquarie Island region",earthquake,,,,,reviewed,us,gcmt
1989-12-15T18:43:45.030Z,8.337,126.729,24.4,7.6,mw,,,,1.4,us,usp000433j,2020-08-28T23:15:52.244Z,"37 km ENE of Barcelona, Philippines",earthquake,,,,,reviewed,us,hrv
1990-03-03T12:16:27.960Z,-22.122,175.163,33.2,7.6,mw,,,,1.3,us,usp000464d,2021-10-20T17:36:00.119Z,"south of the Fiji Islands",earthquake,,,,,reviewed,us,hrv
1990-04-05T21:12:35.550Z,15.125,147.596,11.4,7.6,mw,,,,1.2,us,usp00047gj,2020-08-28T23:31:40.305Z,"198 km E of Saipan, Northern Mariana Islands",earthquake,,,,,reviewed,us,par
1990-04-18T13:39:19.010Z,1.186,122.857,25.7,7.8,mw,,,,1.2,us,usp000482z,2020-08-28T23:33:12.550Z,"75 km NNW of Gorontalo, Indonesia",earthquake,,,,,reviewed,us,par
1990-07-16T07:26:34.610Z,15.679,121.172,25.1,7.7,mw,,,,1.1,us,usp0004bxs,2020-08-14T07:24:20.956Z,"4 km E of Macapsing, Philippines",earthquake,,,,,reviewed,us,hrv
1990-12-30T19:14:18.930Z,-5.097,150.967,178.6,7.5,mw,,,,1.2,us,usp0004k00,2020-08-29T00:24:25.451Z,"104 km ENE of Kimbe, Papua New Guinea",earthquake,,,,,reviewed,us,hrv
1991-04-22T21:56:51.820Z,9.685,-83.073,10,7.6,mw,,,,1.2,us,usp0004qpg,2020-08-14T08:00:45.032Z,"34 km S of Limón, Costa Rica",earthquake,,,,,reviewed,us,hrv
1991-06-20T05:18:52.510Z,1.196,122.787,31.4,7.5,mw,,,,1.2,us,usp0004t6g,2020-08-29T00:51:02.517Z,"79 km NNW of Gorontalo, Indonesia",earthquake,,,,,reviewed,us,hrv
1991-12-22T08:43:13.410Z,45.533,151.021,24.7,7.6,mw,,,,0.9,us,usp00050sq,2020-08-29T01:10:11.726Z,"248 km E of Kuril’sk, Russia",earthquake,,,,,reviewed,us,hrv
1992-09-02T00:16:01.690Z,11.742,-87.34,44.8,7.7,mw,,,,1.3,us,usp0005ddn,2020-07-08T00:07:03.204Z,"83 km SSW of Corinto, Nicaragua",earthquake,,,,,reviewed,us,hrv
1992-12-12T05:29:26.350Z,-8.48,121.896,27.7,7.8,mw,,,,1.4,us,usp0005j5a,2020-08-14T08:37:40.660Z,"37 km WNW of Maumere, Indonesia",earthquake,,,,,reviewed,us,hrv
1993-01-15T11:06:05.950Z,43.3,143.691,102.2,7.6,mw,,,,1.5,us,usp0005ktj,2020-08-29T02:03:50.733Z,"52 km NE of Otofuke, Japan",earthquake,,,,,reviewed,us,hrv
1993-06-08T13:03:36.480Z,51.218,157.829,70.6,7.5,mw,,,,1,us,usp0005u7b,2020-09-15T16:26:35.852Z,"97 km ESE of Ozernovskiy, Russia",earthquake,,,,,reviewed,us,hrv
1993-07-12T13:17:11.960Z,42.851,139.197,16.7,7.7,mw,,,,1,us,usp0005w12,2020-08-14T09:43:49.116Z,"107 km W of Iwanai, Japan",earthquake,,,,,reviewed,us,hrv
1993-08-08T08:34:24.930Z,12.982,144.801,59.3,7.8,mw,,,,1.1,us,usp0005y3k,2020-08-14T09:25:43.793Z,"32 km S of Inarajan Village, Guam",earthquake,,,,,reviewed,us,hrv
1994-03-09T23:28:06.780Z,-18.039,-178.413,562.5,7.6,mw,,,,1,us,usp00069fm,2020-09-15T17:01:17.506Z,"240 km E of Levuka, Fiji",earthquake,,,,,reviewed,us,hrv
1994-06-02T18:17:34.020Z,-10.477,112.835,18.4,7.8,mw,,,,1.1,us,usp0006djk,2020-07-08T00:14:15.550Z,"249 km SSW of Kencong, Indonesia",earthquake,,4,,,reviewed,us,hrv
1994-06-09T00:33:16.230Z,-13.841,-67.553,631.3,8.2,mw,,,,1.1,us,usp0006dzc,2021-01-05T19:57:08.133Z,"55 km NNW of Reyes, Bolivia",earthquake,,,,,reviewed,us,hrv
1994-10-04T13:22:55.840Z,43.773,147.321,14,8.3,mw,,,,0.9,us,usp0006kdp,2020-07-08T00:16:28.153Z,"48 km E of Shikotan, Russia",earthquake,,4.7,,,reviewed,us,hrv
1994-12-28T12:19:23.030Z,40.525,143.419,26.5,7.8,mw,,,,1.1,us,usp0006qh3,2020-07-08T00:17:29.820Z,"off the east coast of Honshu, Japan",earthquake,,,,,reviewed,us,hrv
1995-05-16T20:12:44.220Z,-23.008,169.9,20.2,7.7,mw,,,,1.3,us,usp0006xg1,2020-09-15T17:57:52.681Z,"249 km E of Vao, New Caledonia",earthquake,,,,,reviewed,us,hrv
1995-07-30T05:11:23.630Z,-23.34,-70.294,45.6,8,mw,,,,1.1,us,usp000714t,2020-08-14T11:41:21.455Z,"36 km NNE of Antofagasta, Chile",earthquake,,,,,reviewed,us,hrv
1995-08-16T10:27:28.630Z,-5.799,154.178,30.1,7.7,mw,,,,1.3,us,usp00071w4,2020-09-15T18:11:20.362Z,"155 km WNW of Panguna, Papua New Guinea",earthquake,,,,,reviewed,us,hrv
1995-10-09T15:35:53.910Z,19.055,-104.205,33,8,mw,,,,1.3,us,usp00074vc,2020-08-14T11:36:41.390Z,"5 km E of El Colomo, Mexico",earthquake,,,,,reviewed,us,hrv
1995-12-03T18:01:08.990Z,44.663,149.3,33,7.9,mw,,,,1.1,us,usp000782n,2020-09-15T18:27:43.037Z,"128 km ESE of Kuril’sk, Russia",earthquake,,,,,reviewed,us,hrv
1996-01-01T08:05:10.830Z,0.729,119.931,24,7.9,mw,,,,1.2,us,usp00079zv,2020-07-08T00:22:45.159Z,"181 km N of Palu, Indonesia",earthquake,,,,,reviewed,us,hrv
1996-02-17T05:59:30.550Z,-0.891,136.952,33,8.09,mww,,,,,official,official19960217055930550_33,2020-07-08T00:23:24.937Z,"101 km ENE of Biak, Indonesia",earthquake,,,,,reviewed,us,duputel
1996-02-21T12:51:01.300Z,-9.593,-79.587,10,7.5,mw,,,,1.2,us,usp0007dmb,2020-07-08T00:23:42.423Z,"123 km WSW of Puerto Santa, Peru",earthquake,,,,,reviewed,us,hrv
1996-06-10T04:03:35.480Z,51.564,-177.632,33,7.9,mwc,,,,0.9,us,usp0007jcu,2020-09-15T18:49:24.235Z,"77 km WSW of Adak, Alaska",earthquake,,,,,reviewed,us,hrv
1996-06-17T11:22:18.540Z,-7.137,122.589,587.3,7.9,mwc,,,,1.2,us,usp0007jw8,2020-09-15T18:51:02.286Z,"169 km NNE of Maumere, Indonesia",earthquake,,,,,reviewed,us,hrv
1996-11-12T16:59:44.030Z,-14.993,-75.675,33,7.7,mwc,,,,1.11,us,usp0007swp,2020-08-14T12:17:32.726Z,"60 km SW of Changuillo, Peru",earthquake,,,,,reviewed,us,hrv
1997-04-21T12:02:26.430Z,-12.584,166.676,33,7.7,mwc,,,,0.93,us,usp00080wt,2020-09-15T19:29:03.886Z,"171 km NNW of Sola, Vanuatu",earthquake,,,,,reviewed,us,hrv
1997-10-14T09:53:18.150Z,-22.101,-176.772,167.3,7.8,mwb,,,,0.93,us,usp000890q,2020-09-15T19:47:41.235Z,"192 km WSW of Haveluloto, Tonga",earthquake,,,,,reviewed,us,us
1997-11-08T10:02:52.610Z,35.069,87.325,33,7.5,mwc,,,,1.38,us,usp0008a97,2020-09-15T19:51:06.553Z,"western Xizang",earthquake,,,,,reviewed,us,hrv
1997-12-05T11:26:54.690Z,54.841,162.035,33,7.8,mwc,,,,1.02,us,usp0008btk,2020-09-15T19:53:53.697Z,"156 km S of Ust’-Kamchatsk Staryy, Russia",earthquake,,,,,reviewed,us,hrv
1998-01-04T06:11:58.970Z,-22.301,170.911,100.6,7.5,mwc,,,,0.88,us,usp0008dqq,2018-10-17T17:10:03.847Z,"southeast of the Loyalty Islands",earthquake,,,,,reviewed,us,hrv
1998-03-25T03:12:25.070Z,-62.877,149.527,10,8.1,mwc,,,,1.1,us,usp0008hzd,2020-09-15T20:03:51.463Z,"Balleny Islands region",earthquake,,,,,reviewed,us,hrv
1998-05-03T23:30:21.910Z,22.306,125.308,33,7.5,mwb,,,,0.99,us,usp0008mdk,2020-09-15T20:08:57.233Z,"254 km SSE of Ishigaki, Japan",earthquake,,,,,reviewed,us,us
1998-11-29T14:10:31.960Z,-2.071,124.891,33,7.7,mwc,,,,1.23,us,usp0008yx2,2020-09-15T20:28:50.292Z,"264 km ESE of Luwuk, Indonesia",earthquake,,,,,reviewed,us,hrv
1999-08-17T00:01:39.130Z,40.748,29.864,17,7.6,mwc,,,,1.27,us,usp0009d4z,2020-08-14T20:41:06.702Z,"4 km ESE of Derince, Turkey",earthquake,,,,,reviewed,us,hrv
1999-09-20T17:47:18.490Z,23.772,120.982,33,7.7,mwc,,,,1.11,us,usp0009eq0,2021-07-12T18:48:14.337Z,"21 km S of Puli, Taiwan",earthquake,,,,,reviewed,us,hrv
1999-09-30T16:31:15.690Z,16.059,-96.931,60.6,7.5,mwc,,,,0.93,us,usp0009f7v,2020-07-08T00:51:54.425Z,"15 km W of San Baltazar Loxicha, Mexico",earthquake,,2.5,,,reviewed,us,hrv
1999-11-26T13:21:15.570Z,-16.423,168.214,33,7.5,mwc,,,,1.2,us,usp0009j4n,2020-09-15T21:06:08.489Z,"92 km ESE of Lakatoro, Vanuatu",earthquake,,,,,reviewed,us,hrv
2000-03-28T11:00:22.510Z,22.338,143.73,126.5,7.6,mwc,,,,1.22,us,usp0009qb4,2018-10-17T19:37:57.922Z,"Volcano Islands, Japan region",earthquake,,,,,reviewed,us,hrv
2000-05-04T04:21:16.210Z,-1.105,123.573,26,7.6,mwc,,,,1.14,us,usp0009sbh,2020-09-15T21:21:25.142Z,"89 km E of Luwuk, Indonesia",earthquake,,,,,reviewed,us,hrv
2000-06-04T16:28:26.170Z,-4.721,102.087,33,7.9,mwc,379,,,1.1,us,usp0009txv,2020-07-08T00:55:55.616Z,"103 km S of Bengkulu, Indonesia",earthquake,,,,,reviewed,us,hrv
2000-06-18T14:44:13.310Z,-13.802,97.453,10,7.9,mwc,405,,,1.16,us,usp0009ut0,2020-09-15T21:27:25.430Z,"South Indian Ocean",earthquake,,,,,reviewed,us,hrv
2000-11-16T04:54:56.740Z,-3.98,152.169,33,8,mwc,254,,,1.2,us,usp000a3qq,2021-01-05T17:42:25.922Z,"24 km N of Rabaul, Papua New Guinea",earthquake,,,,,reviewed,us,hrv
2000-11-16T07:42:16.930Z,-5.233,153.102,30,7.8,mwc,294,,,1.31,us,usp000a3sp,2020-09-15T21:49:49.148Z,"135 km SE of Kokopo, Papua New Guinea",earthquake,,,,,reviewed,us,hrv
2000-11-17T21:01:56.490Z,-5.496,151.781,33,7.8,mwc,346,,,1.07,us,usp000a45f,2020-09-15T21:51:20.558Z,"138 km SSW of Kokopo, Papua New Guinea",earthquake,,,,,reviewed,us,hrv
2001-01-01T06:57:04.170Z,6.898,126.579,33,7.5,mwc,324,,,1.06,us,usp000a70h,2020-09-18T18:02:51.314Z,"21 km SE of Lukatan, Philippines",earthquake,,,,,reviewed,us,hrv
2001-01-13T17:33:32.380Z,13.049,-88.66,60,7.7,mwc,427,,,1.13,us,usp000a7m5,2021-02-01T21:45:51.335Z,"28 km SSW of Puerto El Triunfo, El Salvador",earthquake,,,,,reviewed,us,hrv
2001-01-26T03:16:40.500Z,23.419,70.232,16,7.7,mwc,472,,,1.25,us,usp000a8ds,2020-08-14T20:46:24.989Z,"17 km NW of Bhach?u, India",earthquake,,,,,reviewed,us,hrv
2001-06-23T20:33:14.130Z,-16.265,-73.641,33,8.4,mww,518,,,1.05,official,official20010623203314130_33,2020-08-14T20:50:43.254Z,"6 km SSW of Atico, Peru",earthquake,,,,,reviewed,us,official
2001-07-07T09:38:43.520Z,-17.543,-72.077,33,7.6,mwc,398,,,1.15,us,usp000aj40,2020-09-18T18:27:20.842Z,"51 km SW of Punta de Bombón, Peru",earthquake,,,,,reviewed,us,hrv
2001-10-19T03:28:44.460Z,-4.102,123.907,33,7.5,mwc,234,,,1.14,us,usp000ar78,2020-09-18T18:33:07.724Z,"155 km E of Kendari, Indonesia",earthquake,,,,,reviewed,us,hrv
2001-11-14T09:26:10.010Z,35.946,90.541,10,7.8,mwc,368,,,1.07,us,usp000asvm,2020-07-08T01:12:07.788Z,"Southern Qinghai, China",earthquake,,,,,reviewed,us,hrv
2002-03-05T21:16:09.130Z,6.033,124.249,31,7.5,mwc,321,,,0.95,us,usp000azqw,2020-09-18T18:46:07.424Z,"Mindanao, Philippines",earthquake,,,,,reviewed,us,hrv
2002-08-19T11:01:01.190Z,-21.696,-179.513,580,7.7,mwc,670,,,0.93,us,usp000ba6g,2021-02-18T19:20:33.217Z,"Fiji region",earthquake,,,,,reviewed,us,hrv
2002-08-19T11:08:24.310Z,-23.884,178.495,675.4,7.7,mwc,302,,,1.08,us,usp000ba6m,2021-02-18T19:20:39.505Z,"south of the Fiji Islands",earthquake,,,,,reviewed,us,hrv
2002-09-08T18:44:23.710Z,-3.302,142.945,13,7.6,mwc,428,,,1.16,us,usp000bbpf,2020-09-18T19:01:28.319Z,"68 km ESE of Aitape, Papua New Guinea",earthquake,,,,,reviewed,us,hrv
2002-10-10T10:50:20.570Z,-1.757,134.297,10,7.6,mwc,375,,,1.15,us,usp000be54,2020-09-18T19:05:50.870Z,"102 km SSE of Manokwari, Indonesia",earthquake,,,,,reviewed,us,hrv
2002-11-03T22:12:41.518Z,63.5141,-147.4529,4.2,7.9,mw,,,,1.58,ak,ak002e435qpj,2020-09-25T18:03:11.082Z,"75 km E of Cantwell, Alaska",earthquake,,0.9,,,reviewed,ak,ak
2003-01-22T02:06:34.610Z,18.77,-104.104,24,7.6,mwb,551,,,1.4,us,usp000bnyr,2020-08-14T16:57:39.249Z,"16 km SSW of Cuyutlán, Mexico",earthquake,,,,,reviewed,us,us
2003-07-15T20:27:50.530Z,-2.598,68.382,10,7.6,mwc,522,34.9,,0.98,us,usp000c2ka,2018-10-17T19:45:34.814Z,"Carlsberg Ridge",earthquake,,,,,reviewed,us,hrv
2003-08-04T04:37:20.130Z,-60.532,-43.411,10,7.6,mwc,315,25.2,,1.09,us,usp000c41f,2020-09-18T19:32:53.826Z,"Scotia Sea",earthquake,,,,,reviewed,us,hrv
2003-09-25T19:50:06.360Z,41.815,143.91,27,8.16,mww,,,,,official,official20030925195006360_27,2020-08-24T19:43:12.670Z,"134 km SSW of Kushiro, Japan",earthquake,,,,,reviewed,us,duputel
2003-11-17T06:43:06.800Z,51.146,178.65,33,7.8,mwc,604,24,,1.11,us,usp000cd1n,2020-09-18T19:42:13.542Z,"Rat Islands, Aleutian Islands, Alaska",earthquake,,,,,reviewed,us,hrv
2004-11-11T21:26:41.150Z,-8.152,124.868,10,7.5,mwc,301,33.8,,1.07,us,usp000d85g,2021-03-10T00:04:27.947Z,"63 km NW of Maubara, Timor Leste",earthquake,,,,,reviewed,us,hrv
2004-12-23T14:59:04.410Z,-49.312,161.345,10,8.1,mwc,331,59.3,,1.12,us,usp000db93,2021-06-29T18:55:14.016Z,"north of Macquarie Island",earthquake,,,,,reviewed,us,hrv
2004-12-26T00:58:53.450Z,3.295,95.982,30,9.1,mw,601,22,,1.17,official,official20041226005853450_30,2020-07-07T22:41:27.143Z,"2004 Sumatra - Andaman Islands Earthquake",earthquake,,,,,reviewed,us,official
2005-03-28T16:09:36.530Z,2.085,97.108,30,8.6,mww,510,22.1,,0.91,official,official20050328160936530_30,2020-07-07T22:41:48.978Z,"78 km WSW of Singkil, Indonesia",earthquake,,,,,reviewed,us,official
2005-06-13T22:44:33.900Z,-19.987,-69.197,115.6,7.8,mwb,714,16.1,,1.01,us,usp000dsw1,2021-01-05T03:16:54.394Z,"102 km ENE of Iquique, Chile",earthquake,,,,,reviewed,us,us
2005-09-09T07:26:43.730Z,-4.539,153.474,90,7.6,mwc,502,20,,1.04,us,usp000dz2j,2021-02-18T19:24:39.216Z,"135 km E of Kokopo, Papua New Guinea",earthquake,,,,,reviewed,us,hrv
2005-09-26T01:55:37.670Z,-5.678,-76.398,115,7.5,mwb,696,26.2,,0.88,us,usp000e09h,2020-09-18T20:41:40.561Z,"39 km NW of Yurimaguas, Peru",earthquake,,,,,reviewed,us,us
2005-10-08T03:50:40.800Z,34.539,73.588,26,7.6,mwc,724,21.1,,0.9,us,usp000e12e,2020-08-14T20:55:56.100Z,"21 km NNE of Muzaffar?b?d, Pakistan",earthquake,,,,,reviewed,us,hrv
2006-01-27T16:58:53.670Z,-5.473,128.131,397,7.6,mwc,560,22.3,,0.88,us,usp000e8ys,2017-11-08T18:38:50.089Z,"196 km S of Ambon, Indonesia",earthquake,,,,,reviewed,us,hrv
2006-04-20T23:25:02.150Z,60.949,167.089,22,7.6,mwc,579,18.5,,0.87,us,usp000ef1h,2020-09-18T20:57:38.315Z,"80 km NE of Tilichiki, Russia",earthquake,,,,,reviewed,us,hrv
2006-05-03T15:26:40.290Z,-20.187,-174.123,55,8,mwc,626,20.7,,1.18,us,usp000eg5g,2021-06-29T20:39:53.630Z,"47 km SSE of Pangai, Tonga",earthquake,,,,,reviewed,us,hrv
2006-07-17T08:19:26.680Z,-9.284,107.419,20,7.7,mwc,357,36.8,,1.16,us,usp000ensm,2021-02-18T19:26:25.897Z,"226 km SSW of Singaparna, Indonesia",earthquake,,,,,reviewed,us,hrv
2006-11-15T11:14:13.570Z,46.592,153.266,10,8.3,mwc,576,20.9,,1.07,us,usp000exfn,2020-09-18T21:15:54.685Z,"Kuril Islands",earthquake,,,,,reviewed,us,gcmt
2007-01-13T04:23:21.160Z,46.243,154.524,10,8.1,mwc,606,14,,1.12,us,usp000f2ab,2020-09-18T21:20:31.252Z,"east of the Kuril Islands",earthquake,,,,,reviewed,us,gcmt
2007-01-21T11:27:45.060Z,1.065,126.282,22,7.5,mwc,570,21.6,,1.22,us,usp000f34b,2020-09-18T21:21:16.460Z,"126 km WNW of Ternate, Indonesia",earthquake,,,,,reviewed,us,gcmt
2007-04-01T20:39:58.710Z,-8.466,157.043,24,8.1,mwc,439,14.7,,1.32,us,usp000f83m,2020-08-14T19:21:14.091Z,"45 km SSE of Gizo, Solomon Islands",earthquake,,,,,reviewed,us,gcmt
2007-08-08T17:05:04.920Z,-5.859,107.419,280,7.5,mwc,228,30.7,,1.13,us,usp000fj6k,2020-09-18T21:42:06.739Z,"35 km NNE of Rengasdengklok, Indonesia",earthquake,,,,,reviewed,us,gcmt
2007-08-15T23:40:57.890Z,-13.386,-76.603,39,8,mwc,625,25.7,,0.86,us,usp000fjta,2021-03-10T00:06:14.811Z,"41 km SW of San Vicente de Cañete, Peru",earthquake,,,,,reviewed,us,gcmt
2007-09-12T11:10:26.830Z,-4.438,101.367,34,8.4,mww,411,32.3,,1.03,official,official20070912111026830_34,2020-07-10T14:34:33.565Z,"122 km SW of Bengkulu, Indonesia",earthquake,,,,,reviewed,us,official
2007-09-12T23:49:03.720Z,-2.625,100.841,35,7.9,mwc,446,29.1,,1.01,us,usp000fn2b,2021-06-29T20:55:58.278Z,"87 km SW of Sungai Penuh, Indonesia",earthquake,,,,,reviewed,us,gcmt
2007-09-28T13:38:57.880Z,22.013,142.668,260,7.5,mwc,558,11.8,,0.97,us,usp000fpca,2021-02-18T19:28:14.741Z,"Volcano Islands, Japan region",earthquake,,,,,reviewed,us,gcmt
2007-11-14T15:40:50.530Z,-22.247,-69.89,40,7.7,mwc,610,22.4,,1.11,us,usp000fshy,2020-07-08T02:10:11.158Z,"36 km ESE of Tocopilla, Chile",earthquake,,,,,reviewed,us,gcmt
2007-12-09T07:28:20.820Z,-25.996,-177.514,152.5,7.8,mwc,512,11.8,,1.12,us,usp000fu3q,2020-09-18T21:58:57.118Z,"south of the Fiji Islands",earthquake,,6.3,,,reviewed,us,gcmt
2008-05-12T06:28:01.570Z,31.002,103.322,19,7.9,mwc,774,11.3,,1.2,us,usp000g650,2020-08-14T21:01:02.538Z,"58 km W of Tianpeng, China",earthquake,,,,,reviewed,us,us
2008-07-05T02:12:04.480Z,53.882,152.886,632.8,7.7,mwc,777,13.5,,0.83,us,usp000gbc0,2021-02-18T19:31:27.046Z,"Sea of Okhotsk",earthquake,,3.1,,,reviewed,us,us
2009-01-03T19:43:50.650Z,-0.414,132.885,17,7.7,mwc,288,29.8,,1.27,us,usp000gs2d,2020-09-21T15:56:13.990Z,"140 km WNW of Manokwari, Indonesia",earthquake,,,,,reviewed,us,gcmt
2009-03-19T18:17:40.470Z,-23.043,-174.66,31,7.6,mwc,504,14,,1,us,usp000gv5p,2020-09-21T16:02:15.278Z,"191 km S of ‘Ohonua, Tonga",earthquake,,,,,reviewed,us,us
2009-07-15T09:22:29.030Z,-45.762,166.562,12,7.8,mwc,434,16.8,,,us,usp000gz8j,2020-07-08T02:19:40.750Z,"97 km WSW of Te Anau, New Zealand",earthquake,,,,,reviewed,wel,gcmt
2009-08-10T19:55:38.730Z,14.099,92.902,24,7.5,mwc,303,18.2,,1.03,us,usp000h05x,2020-07-08T02:20:09.642Z,"266 km N of Bamboo Flat, India",earthquake,,,,,reviewed,us,us
2009-09-29T17:48:10.990Z,-15.489,-172.095,18,8.1,mwc,520,20.8,,1.01,us,usp000h1ys,2020-07-08T02:21:25.746Z,"168 km SSW of Matavai, Samoa",earthquake,,,,,reviewed,us,gcmt
2009-09-30T10:16:09.250Z,-0.72,99.867,81,7.6,mwc,498,14,,0.92,us,usp000h237,2020-08-14T20:42:43.681Z,"30 km WSW of Pariaman, Indonesia",earthquake,,,,,reviewed,us,gcmt
2009-10-07T22:03:14.470Z,-13.006,166.51,45,7.7,mww,283,23.2,,1.31,us,usp000h2g9,2020-09-21T16:17:01.479Z,"148 km NW of Sola, Vanuatu",earthquake,,,,,reviewed,us,us
2009-10-07T22:18:51.240Z,-12.517,166.382,35,7.8,mwc,195,20.3,,0.97,us,usp000h2gd,2020-09-21T16:17:17.511Z,"196 km NW of Sola, Vanuatu",earthquake,,,,,reviewed,us,us
2010-02-27T06:34:11.530Z,-36.122,-72.898,22.9,8.8,mww,454,17.8,,1.09,official,official20100227063411530_30,2021-02-24T19:26:54.976Z,"36 km WNW of Quirihue, Chile",earthquake,,9.2,,,reviewed,us,official
2010-04-06T22:15:01.580Z,2.383,97.048,31,7.8,mwc,352,19.2,,1.19,us,usp000hat0,2020-09-21T16:44:51.738Z,"75 km E of Sinabang, Indonesia",earthquake,,,,,reviewed,us,gcmt
2010-06-12T19:26:50.460Z,7.881,91.936,35,7.5,mwc,514,18.6,,1.1,us,usp000hdwb,2020-09-21T16:50:47.575Z,"Nicobar Islands, India region",earthquake,,,,,reviewed,us,gcmt
2010-07-23T22:51:11.840Z,6.497,123.48,578,7.6,mwc,340,15.1,,0.91,us,usp000hgmh,2020-09-21T16:56:23.538Z,"61 km W of Bantogon, Philippines",earthquake,,,,,reviewed,us,us
2010-07-23T23:15:10.190Z,6.776,123.259,640.6,7.5,mwc,441,17.5,,0.82,us,usp000hgmq,2020-09-21T16:56:36.362Z,"72 km S of Panubigan, Philippines",earthquake,,,,,reviewed,us,gcmt
2010-10-25T14:42:22.460Z,-3.487,100.082,20.1,7.8,mwc,379,23,,1.17,us,usp000hnj4,2020-09-21T17:03:34.400Z,"215 km SW of Sungai Penuh, Indonesia",earthquake,,3.5,,,reviewed,us,gcmt
2011-03-11T05:46:24.120Z,38.297,142.373,29,9.1,mww,541,9.5,,1.16,official,official20110311054624120_30,2021-02-16T15:22:39.454Z,"2011 Great Tohoku Earthquake, Japan",earthquake,,,,,reviewed,us,official
2011-03-11T06:15:40.280Z,36.281,141.111,42.6,7.9,mwc,163,48.4,,1.44,us,usp000hvpa,2020-09-21T17:17:07.287Z,"47 km E of ?arai, Japan",earthquake,,9.6,,,reviewed,us,us
2011-03-11T06:25:50.300Z,38.058,144.59,18.6,7.7,mwc,507,10.8,,0.85,us,usp000hvpg,2021-10-20T17:56:30.784Z,"272 km ESE of Kamaishi, Japan",earthquake,,8,,,reviewed,us,us
2011-07-06T19:03:18.260Z,-29.539,-176.34,17,7.6,mww,567,33.5,,1.17,us,usp000j48h,2021-10-20T17:58:04.297Z,"Kermadec Islands region",earthquake,,,,,reviewed,us,us
2012-04-11T08:38:36.720Z,2.327,93.063,20,8.6,mw,499,16.6,,1.33,official,official20120411083836720_20,2021-02-18T19:35:11.150Z,"off the west coast of northern Sumatra",earthquake,,,,,reviewed,us,official
2012-04-11T10:43:10.850Z,0.802,92.463,25.1,8.2,mwc,341,14.9,,0.9,us,usp000jhjb,2020-09-21T18:03:25.982Z,"off the west coast of northern Sumatra",earthquake,,7.3,,,reviewed,us,us
2012-08-14T02:59:38.460Z,49.8,145.064,583.2,7.7,mww,862,13.8,,0.83,us,usp000jq9h,2020-09-21T18:20:00.210Z,"156 km ENE of Poronaysk, Russia",earthquake,,2.6,,,reviewed,us,us
2012-08-31T12:47:33.380Z,10.811,126.638,28,7.6,mww,682,10.2,,1.02,us,usp000jr83,2020-09-21T18:22:18.017Z,"89 km E of Sulangan, Philippines",earthquake,,,,,reviewed,us,us
2012-09-05T14:42:07.800Z,10.085,-85.315,35,7.6,mww,703,34.3,,1.2,us,usp000jrsw,2020-08-15T05:40:52.367Z,"11 km ENE of Hojancha, Costa Rica",earthquake,,,,,reviewed,us,us
2012-10-28T03:04:08.820Z,52.788,-132.101,14,7.8,mww,807,42.7,,0.99,us,usp000juhz,2021-04-08T17:41:07.183Z,"206 km SW of Prince Rupert, Canada",earthquake,,,,,reviewed,us,us
2013-01-05T08:58:14.957Z,55.228,-134.8591,8.7,7.5,mw,,,,1.51,ak,ak0138esnzr,2020-07-09T21:07:02.449Z,"110 km SW of Edna Bay, Alaska",earthquake,,1,,,reviewed,ak,ak
2013-02-06T01:12:25.830Z,-10.799,165.114,24,8,mww,460,20.9,,1.29,us,usc000f1s0,2020-07-07T23:00:01.705Z,"75 km W of Lata, Solomon Islands",earthquake,,,,,reviewed,us,us
2013-04-16T10:44:20.180Z,28.033,61.996,80,7.7,mww,506,26.6,,1.09,us,usb000g7x7,2020-07-07T22:54:19.828Z,"79 km ESE of Kh?sh, Iran",earthquake,,,,,reviewed,us,us
2013-05-24T05:44:48.980Z,54.892,153.221,598.1,8.3,mww,385,10,,1.02,us,usb000h4jh,2020-07-10T18:06:54.696Z,"Sea of Okhotsk",earthquake,,4.1,,,reviewed,us,us
2013-09-24T11:29:47.970Z,26.951,65.5009,15,7.7,mww,,17,7.241,0.93,us,usb000jyiv,2020-11-05T16:18:54.420Z,"113 km NW of Bela, Pakistan",earthquake,,1.6,,,reviewed,us,us
2013-11-17T09:04:55.530Z,-60.2738,-46.4011,10,7.7,mww,,23,8.05,1.33,us,usb000l0gq,2020-07-07T22:57:00.450Z,"Scotia Sea",earthquake,,1.7,,,reviewed,us,us
2014-04-01T23:46:47.260Z,-19.6097,-70.7691,25,8.2,mww,,23,0.609,0.66,us,usc000nzvd,2021-06-27T19:55:36.893Z,"93 km NW of Iquique, Chile",earthquake,,1.8,,,reviewed,us,us
2014-04-03T02:43:13.110Z,-20.5709,-70.4931,22.4,7.7,mww,,44,1.029,0.82,us,usc000p27i,2021-04-19T21:42:05.699Z,"53 km SW of Iquique, Chile",earthquake,,3.4,,,reviewed,us,us
2014-04-12T20:14:39.300Z,-11.2701,162.1481,22.56,7.6,mww,,13,2.828,0.71,us,usc000phx5,2020-07-10T19:08:15.907Z,"93 km SSE of Kirakira, Solomon Islands",earthquake,,2.8,,,reviewed,us,us
2014-04-19T13:28:00.810Z,-6.7547,155.0241,43.37,7.5,mww,,16,3.82,1.25,us,usb000pr89,2020-07-10T18:28:22.985Z,"70 km SW of Panguna, Papua New Guinea",earthquake,,3.8,,,reviewed,us,us
2014-06-23T20:53:09.700Z,51.8486,178.7352,109,7.9,mww,,22,0.133,0.71,us,usc000rki5,2021-02-18T20:52:55.127Z,"Rat Islands, Aleutian Islands, Alaska",earthquake,,1.8,,,reviewed,us,us
2015-03-29T23:48:31.010Z,-4.7294,152.5623,41,7.5,mww,,19,0.666,1.32,us,us10001rvu,2020-07-07T22:43:21.284Z,"53 km SE of Kokopo, Papua New Guinea",earthquake,7,1.8,,,reviewed,us,us
2015-04-25T06:11:25.950Z,28.2305,84.7314,8.22,7.8,mww,,12,1.857,0.96,us,us20002926,2021-08-25T09:36:43.310Z,"67 km NNE of Bharatpur, Nepal",earthquake,7.3,2.9,,,reviewed,us,us
2015-05-05T01:44:06.380Z,-5.4624,151.8751,55,7.5,mww,,22,1.295,1.02,us,us20002bnf,2020-07-07T22:47:35.807Z,"131 km SSW of Kokopo, Papua New Guinea",earthquake,6.1,1.9,,,reviewed,us,us
2015-05-30T11:23:02.110Z,27.8386,140.4931,664,7.8,mww,,12,1.675,1.12,us,us20002ki3,2021-10-20T17:34:28.645Z,"Bonin Islands, Japan region",earthquake,9.2,1.9,,,reviewed,us,us
2015-09-16T22:54:32.860Z,-31.5729,-71.6744,22.44,8.3,mww,,19,0.684,1.02,us,us20003k7a,2021-10-20T17:15:32.995Z,"48 km W of Illapel, Chile",earthquake,4.7,3.2,,,reviewed,us,us
2015-10-26T09:09:42.560Z,36.5244,70.3676,231,7.5,mww,,18,0.622,1.43,us,us10003re5,2020-07-07T22:43:36.594Z,"Hindu Kush region, Afghanistan",earthquake,6.7,1.9,,,reviewed,us,us
2015-11-24T22:45:38.880Z,-10.5372,-70.9437,606.21,7.6,mww,,10,3.287,1.36,us,us100040ww,2021-03-02T17:50:34.662Z,"155 km WNW of Iñapari, Peru",earthquake,8.5,3.2,,,reviewed,us,us
2015-11-24T22:50:54.370Z,-10.0598,-71.0184,620.56,7.6,mww,,10,2.852,1,us,us100040x6,2020-07-07T22:44:43.869Z,"185 km WNW of Iñapari, Peru",earthquake,8.5,3.1,,,reviewed,us,us
2016-03-02T12:49:48.110Z,-4.9521,94.3299,24,7.8,mww,,20,7.009,1.14,us,us10004u1y,2018-12-04T22:30:13.007Z,"southwest of Sumatra, Indonesia",earthquake,7.5,1.8,,,reviewed,us,us
2016-04-16T23:58:36.980Z,0.3819,-79.9218,20.59,7.8,mww,,15,1.44,0.94,us,us20005j32,2021-08-22T07:31:38.696Z,"27 km SSE of Muisne, Ecuador",earthquake,5.7,3.2,,,reviewed,us,us
2016-07-29T21:18:24.740Z,18.5429,145.5073,196,7.7,mww,,14,3.294,1.38,us,us100068jg,2018-10-17T21:49:51.838Z,"Pagan region, Northern Mariana Islands",earthquake,7.5,1.8,,,reviewed,us,us
2016-11-13T11:02:56.340Z,-42.7373,173.054,15.11,7.8,mww,,21,0.481,0.56,us,us1000778i,2021-10-01T03:07:23.240Z,"53 km NNE of Amberley, New Zealand",earthquake,4.6,3.2,,,reviewed,us,us
2016-12-08T17:38:46.280Z,-10.6812,161.3273,40,7.8,mww,,13,1.836,0.88,us,us20007z80,2020-07-10T16:36:11.529Z,"69 km WSW of Kirakira, Solomon Islands",earthquake,8.3,1.8,,,reviewed,us,us
2016-12-17T10:51:10.500Z,-4.5049,153.5216,94.54,7.9,mww,,13,1.389,0.97,us,us200081v8,2021-07-05T22:07:45.474Z,"140 km E of Kokopo, Papua New Guinea",earthquake,7.3,3.8,,,reviewed,us,us
2016-12-25T14:22:27.010Z,-43.4064,-73.9413,38,7.6,mww,,29,0.355,0.79,us,us10007mn3,2021-01-29T00:57:34.710Z,"41 km SW of Quellón, Chile",earthquake,5.4,1.9,,,reviewed,us,us
2017-01-22T04:30:22.960Z,-6.2464,155.1718,135,7.9,mww,,9,3.625,1.22,us,us10007uph,2020-07-10T15:22:42.046Z,"35 km WNW of Panguna, Papua New Guinea",earthquake,7.3,1.8,0.042,54,reviewed,us,us
2017-07-17T23:34:13.740Z,54.4434,168.857,10,7.7,mww,,13,3.564,0.68,us,us20009x42,2018-10-17T21:53:36.593Z,"Komandorskiye Ostrova, Russia region",earthquake,7,1.8,0.036,73,reviewed,us,us
2017-09-08T04:49:19.180Z,15.0222,-93.8993,47.39,8.2,mww,,22,0.944,1.22,us,us2000ahv0,2021-10-20T13:04:58.105Z,"near the coast of Chiapas, Mexico",earthquake,6.2,3.7,0.058,29,reviewed,us,us
2018-01-10T02:51:33.290Z,17.4825,-83.52,19,7.5,mww,,12,4.581,0.82,us,us1000c2zy,2020-07-10T15:39:48.704Z,"203 km NNE of Barra Patuca, Honduras",earthquake,5.8,1.7,0.035,79,reviewed,us,us
2018-01-23T09:31:40.890Z,56.0039,-149.1658,14.06,7.9,mww,,30,2.585,0.77,us,us2000cmy3,2020-08-15T02:41:12.839Z,"261 km SE of Chiniak, Alaska",earthquake,6,2.8,0.034,81,reviewed,us,us
2018-02-25T17:44:44.140Z,-6.0699,142.7536,25.21,7.5,mww,,17,5.48,1.31,us,us2000d7q6,2020-08-15T02:15:52.360Z,"32 km SW of Tari, Papua New Guinea",earthquake,7.2,3,0.039,63,reviewed,us,us
2018-08-19T00:19:40.670Z,-18.1125,-178.153,600,8.2,mww,,13,3.63,0.79,us,us1000gcii,2020-07-10T15:52:13.262Z,"267 km E of Levuka, Fiji",earthquake,9.6,1.9,0.045,47,reviewed,us,us
2018-09-06T15:49:18.710Z,-18.4743,179.3502,670.81,7.9,mww,,12,1.431,1.07,us,us2000h9e2,2021-08-31T18:40:47.828Z,"45 km S of Levuka, Fiji",earthquake,9.5,2.8,0.025,157,reviewed,us,us
2018-09-28T10:02:45.250Z,-0.2559,119.8462,20,7.5,mww,,13,1.649,1,us,us1000h3p4,2021-09-21T15:19:07.893Z,"72 km N of Palu, Indonesia",earthquake,5.8,1.8,0.05,39,reviewed,us,us
2018-12-05T04:18:08.420Z,-21.9496,169.4266,10,7.5,mww,,18,2.405,0.74,us,us1000i2gt,2020-07-10T16:02:03.872Z,"166 km ESE of Tadine, New Caledonia",earthquake,5.1,1.5,0.047,44,reviewed,us,us
2019-02-22T10:17:23.770Z,-2.1862,-77.0505,145,7.5,mww,,15,2.045,1.12,us,us2000jlfv,2020-07-07T22:52:36.277Z,"115 km ESE of Palora, Ecuador",earthquake,6.2,1.8,0.026,144,reviewed,us,us
2019-05-14T12:58:25.939Z,-4.051,152.5967,10,7.6,mww,,16,0.453,1,us,us70003kyy,2020-07-07T22:53:37.609Z,"48 km NE of Kokopo, Papua New Guinea",earthquake,3.8,1.6,0.046,45,reviewed,us,us
2019-05-26T07:41:15.073Z,-5.8119,-75.2697,122.57,8,mww,,17,3.18,0.84,us,us60003sc0,2021-03-05T19:13:06.497Z,"78 km NE of Navarro, Peru",earthquake,7,4,0.036,75,reviewed,us,us
2020-01-28T19:10:24.918Z,19.4193,-78.756,14.86,7.7,mww,,26,1.657,0.75,us,us60007idc,2021-02-03T14:50:33.444Z,"123 km NNW of Lucea, Jamaica",earthquake,6,2.9,0.022,199,reviewed,us,us
2020-03-25T02:49:21.160Z,48.9638,157.6955,57.8,7.5,mww,,12,4.109,0.66,us,us70008fi4,2020-06-13T18:44:52.040Z,"221 km SSE of Severo-Kuril’sk, Russia",earthquake,5.6,2.7,0.02,239,reviewed,us,us
2020-07-22T06:12:44.810Z,55.0715,-158.596,28,7.8,mww,,60,0.621,0.97,us,us7000asvb,2021-07-29T07:12:16.549Z,"99 km SSE of Perryville, Alaska",earthquake,5.4,1.9,0.019,261,reviewed,us,us
